"hitid"	"hittypeid"	"title"	"description"	"keywords"	"reward"	"creationtime"	"assignments"	"numavailable"	"numpending"	"numcomplete"	"hitstatus"	"reviewstatus"	"annotation"	"assignmentduration"	"autoapprovaldelay"	"hitlifetime"	"viewhit"	"assignmentid"	"workerid"	"assignmentstatus"	"autoapprovaltime"	"assignmentaccepttime"	"assignmentsubmittime"	"assignmentapprovaltime"	"assignmentrejecttime"	"deadline"	"feedback"	"reject"	"Answer.unscrambleResult"	"Answer.cost"	"Answer.difficulty"	"Answer.sentence29"
"3SR6AEG6W57KQJ84G7RVKAD2A1SHY2"	"3PFYYPJUJWJ06ANAN0VOVT9TMKAZ25"	"Unscramble English Sentences (Per sentence bonus!) (Chrome or Safari users only)"	"Put the words of a scrambled sentence in the correct order. You will get a bonus for each sentence you correctly unscramble."	"sentences, scramble, unscramble, unscrambling, bonus"	"$0.01"	"Thu Feb 25 23:21:06 EST 2016"	"1"	"1"	"0"	"0"	"Assignable"	"NotReviewed"	"scrambled#0.01#1"	"3600"	"2592000"	"Sat Feb 27 23:21:06 EST 2016"	"https://requestersandbox.mturk.com/mturk/manageHIT?HITId=3SR6AEG6W57KQJ84G7RVKAD2A1SHY2"			""	""	""	""	""	""	""	""	""
"3Q7TKIAPOTOJE4W3BWJFZHW89UVDLX"	"3PFYYPJUJWJ06ANAN0VOVT9TMKAZ25"	"Unscramble English Sentences (Per sentence bonus!) (Chrome or Safari users only)"	"Put the words of a scrambled sentence in the correct order. You will get a bonus for each sentence you correctly unscramble."	"sentences, scramble, unscramble, unscrambling, bonus"	"$0.01"	"Thu Feb 25 23:21:06 EST 2016"	"1"	"1"	"0"	"0"	"Assignable"	"NotReviewed"	"scrambled#0.01#1"	"3600"	"2592000"	"Sat Feb 27 23:21:06 EST 2016"	"https://requestersandbox.mturk.com/mturk/manageHIT?HITId=3Q7TKIAPOTOJE4W3BWJFZHW89UVDLX"			""	""	""	""	""	""	""	""	""
"3BA7SXOG1J4I07VPZ85VZ1R64VN8RC"	"3PFYYPJUJWJ06ANAN0VOVT9TMKAZ25"	"Unscramble English Sentences (Per sentence bonus!) (Chrome or Safari users only)"	"Put the words of a scrambled sentence in the correct order. You will get a bonus for each sentence you correctly unscramble."	"sentences, scramble, unscramble, unscrambling, bonus"	"$0.01"	"Thu Feb 25 23:21:06 EST 2016"	"1"	"1"	"0"	"0"	"Assignable"	"NotReviewed"	"scrambled#0.01#1"	"3600"	"2592000"	"Sat Feb 27 23:21:06 EST 2016"	"https://requestersandbox.mturk.com/mturk/manageHIT?HITId=3BA7SXOG1J4I07VPZ85VZ1R64VN8RC"			""	""	""	""	""	""	""	""	""
"3AC6MFV69KWKV9I9CTTEYHM4GVWHZT"	"3PFYYPJUJWJ06ANAN0VOVT9TMKAZ25"	"Unscramble English Sentences (Per sentence bonus!) (Chrome or Safari users only)"	"Put the words of a scrambled sentence in the correct order. You will get a bonus for each sentence you correctly unscramble."	"sentences, scramble, unscramble, unscrambling, bonus"	"$0.01"	"Thu Feb 25 23:21:06 EST 2016"	"1"	"1"	"0"	"0"	"Assignable"	"NotReviewed"	"scrambled#0.01#1"	"3600"	"2592000"	"Sat Feb 27 23:21:06 EST 2016"	"https://requestersandbox.mturk.com/mturk/manageHIT?HITId=3AC6MFV69KWKV9I9CTTEYHM4GVWHZT"			""	""	""	""	""	""	""	""	""
"3B623HUYJ44U1MV2EX50PBW2QX68S0"	"3PFYYPJUJWJ06ANAN0VOVT9TMKAZ25"	"Unscramble English Sentences (Per sentence bonus!) (Chrome or Safari users only)"	"Put the words of a scrambled sentence in the correct order. You will get a bonus for each sentence you correctly unscramble."	"sentences, scramble, unscramble, unscrambling, bonus"	"$0.01"	"Thu Feb 25 23:21:06 EST 2016"	"1"	"1"	"0"	"0"	"Assignable"	"NotReviewed"	"scrambled#0.01#1"	"3600"	"2592000"	"Sat Feb 27 23:21:06 EST 2016"	"https://requestersandbox.mturk.com/mturk/manageHIT?HITId=3B623HUYJ44U1MV2EX50PBW2QX68S0"			""	""	""	""	""	""	""	""	""
"39HYCOOPKOZ3KMEOB8KUZUBX9ZLDMZ"	"3PFYYPJUJWJ06ANAN0VOVT9TMKAZ25"	"Unscramble English Sentences (Per sentence bonus!) (Chrome or Safari users only)"	"Put the words of a scrambled sentence in the correct order. You will get a bonus for each sentence you correctly unscramble."	"sentences, scramble, unscramble, unscrambling, bonus"	"$0.01"	"Thu Feb 25 23:21:06 EST 2016"	"1"	"1"	"0"	"0"	"Assignable"	"NotReviewed"	"scrambled#0.01#1"	"3600"	"2592000"	"Sat Feb 27 23:21:06 EST 2016"	"https://requestersandbox.mturk.com/mturk/manageHIT?HITId=39HYCOOPKOZ3KMEOB8KUZUBX9ZLDMZ"			""	""	""	""	""	""	""	""	""
"3ZXV7Q5FJB2N9KGTPPL6KY96RYXFCU"	"3PFYYPJUJWJ06ANAN0VOVT9TMKAZ25"	"Unscramble English Sentences (Per sentence bonus!) (Chrome or Safari users only)"	"Put the words of a scrambled sentence in the correct order. You will get a bonus for each sentence you correctly unscramble."	"sentences, scramble, unscramble, unscrambling, bonus"	"$0.01"	"Thu Feb 25 23:21:06 EST 2016"	"1"	"0"	"1"	"0"	"Unassignable"	"NotReviewed"	"scrambled#0.01#1"	"3600"	"2592000"	"Sat Feb 27 23:21:06 EST 2016"	"https://requestersandbox.mturk.com/mturk/manageHIT?HITId=3ZXV7Q5FJB2N9KGTPPL6KY96RYXFCU"			""	""	""	""	""	""	""	""	""
"3JMQI2OLFZJ924ZON9ZUC90XEPVDNZ"	"3PFYYPJUJWJ06ANAN0VOVT9TMKAZ25"	"Unscramble English Sentences (Per sentence bonus!) (Chrome or Safari users only)"	"Put the words of a scrambled sentence in the correct order. You will get a bonus for each sentence you correctly unscramble."	"sentences, scramble, unscramble, unscrambling, bonus"	"$0.01"	"Thu Feb 25 23:21:06 EST 2016"	"1"	"1"	"0"	"0"	"Assignable"	"NotReviewed"	"scrambled#0.01#1"	"3600"	"2592000"	"Sat Feb 27 23:21:06 EST 2016"	"https://requestersandbox.mturk.com/mturk/manageHIT?HITId=3JMQI2OLFZJ924ZON9ZUC90XEPVDNZ"			""	""	""	""	""	""	""	""	""
"306996CF6WYD90UF4QAQKCZU83EB1I"	"3PFYYPJUJWJ06ANAN0VOVT9TMKAZ25"	"Unscramble English Sentences (Per sentence bonus!) (Chrome or Safari users only)"	"Put the words of a scrambled sentence in the correct order. You will get a bonus for each sentence you correctly unscramble."	"sentences, scramble, unscramble, unscrambling, bonus"	"$0.01"	"Thu Feb 25 23:21:07 EST 2016"	"1"	"1"	"0"	"0"	"Assignable"	"NotReviewed"	"scrambled#0.01#1"	"3600"	"2592000"	"Sat Feb 27 23:21:07 EST 2016"	"https://requestersandbox.mturk.com/mturk/manageHIT?HITId=306996CF6WYD90UF4QAQKCZU83EB1I"			""	""	""	""	""	""	""	""	""
"3OID399FXGLXECM7PLGH44ROCY9FDU"	"3PFYYPJUJWJ06ANAN0VOVT9TMKAZ25"	"Unscramble English Sentences (Per sentence bonus!) (Chrome or Safari users only)"	"Put the words of a scrambled sentence in the correct order. You will get a bonus for each sentence you correctly unscramble."	"sentences, scramble, unscramble, unscrambling, bonus"	"$0.01"	"Thu Feb 25 23:21:07 EST 2016"	"1"	"1"	"0"	"0"	"Assignable"	"NotReviewed"	"scrambled#0.03#1"	"3600"	"2592000"	"Sat Feb 27 23:21:07 EST 2016"	"https://requestersandbox.mturk.com/mturk/manageHIT?HITId=3OID399FXGLXECM7PLGH44ROCY9FDU"			""	""	""	""	""	""	""	""	""
"3MQY1YVHS3YKYLCBNUA4PV9Z09SB2Z"	"3PFYYPJUJWJ06ANAN0VOVT9TMKAZ25"	"Unscramble English Sentences (Per sentence bonus!) (Chrome or Safari users only)"	"Put the words of a scrambled sentence in the correct order. You will get a bonus for each sentence you correctly unscramble."	"sentences, scramble, unscramble, unscrambling, bonus"	"$0.01"	"Thu Feb 25 23:21:07 EST 2016"	"1"	"1"	"0"	"0"	"Assignable"	"NotReviewed"	"scrambled#0.03#1"	"3600"	"2592000"	"Sat Feb 27 23:21:07 EST 2016"	"https://requestersandbox.mturk.com/mturk/manageHIT?HITId=3MQY1YVHS3YKYLCBNUA4PV9Z09SB2Z"			""	""	""	""	""	""	""	""	""
"3JVP4ZJHDP6NPJN3EHY7SUKXY1SI0V"	"3PFYYPJUJWJ06ANAN0VOVT9TMKAZ25"	"Unscramble English Sentences (Per sentence bonus!) (Chrome or Safari users only)"	"Put the words of a scrambled sentence in the correct order. You will get a bonus for each sentence you correctly unscramble."	"sentences, scramble, unscramble, unscrambling, bonus"	"$0.01"	"Thu Feb 25 23:21:07 EST 2016"	"1"	"1"	"0"	"0"	"Assignable"	"NotReviewed"	"scrambled#0.03#1"	"3600"	"2592000"	"Sat Feb 27 23:21:07 EST 2016"	"https://requestersandbox.mturk.com/mturk/manageHIT?HITId=3JVP4ZJHDP6NPJN3EHY7SUKXY1SI0V"			""	""	""	""	""	""	""	""	""
"3FBEFUUYRKJ3XCQK4IMBKX65YW96AG"	"3PFYYPJUJWJ06ANAN0VOVT9TMKAZ25"	"Unscramble English Sentences (Per sentence bonus!) (Chrome or Safari users only)"	"Put the words of a scrambled sentence in the correct order. You will get a bonus for each sentence you correctly unscramble."	"sentences, scramble, unscramble, unscrambling, bonus"	"$0.01"	"Thu Feb 25 23:21:07 EST 2016"	"1"	"1"	"0"	"0"	"Assignable"	"NotReviewed"	"scrambled#0.03#1"	"3600"	"2592000"	"Sat Feb 27 23:21:07 EST 2016"	"https://requestersandbox.mturk.com/mturk/manageHIT?HITId=3FBEFUUYRKJ3XCQK4IMBKX65YW96AG"			""	""	""	""	""	""	""	""	""
"3V7ICJJAZAUU1ZRYR8TSIA6XKNOB4V"	"3PFYYPJUJWJ06ANAN0VOVT9TMKAZ25"	"Unscramble English Sentences (Per sentence bonus!) (Chrome or Safari users only)"	"Put the words of a scrambled sentence in the correct order. You will get a bonus for each sentence you correctly unscramble."	"sentences, scramble, unscramble, unscrambling, bonus"	"$0.01"	"Thu Feb 25 23:21:07 EST 2016"	"1"	"1"	"0"	"0"	"Assignable"	"NotReviewed"	"scrambled#0.03#1"	"3600"	"2592000"	"Sat Feb 27 23:21:07 EST 2016"	"https://requestersandbox.mturk.com/mturk/manageHIT?HITId=3V7ICJJAZAUU1ZRYR8TSIA6XKNOB4V"			""	""	""	""	""	""	""	""	""
"36FQTHX3Z359J38URUO985ER6NSB3A"	"3PFYYPJUJWJ06ANAN0VOVT9TMKAZ25"	"Unscramble English Sentences (Per sentence bonus!) (Chrome or Safari users only)"	"Put the words of a scrambled sentence in the correct order. You will get a bonus for each sentence you correctly unscramble."	"sentences, scramble, unscramble, unscrambling, bonus"	"$0.01"	"Thu Feb 25 23:21:07 EST 2016"	"1"	"1"	"0"	"0"	"Assignable"	"NotReviewed"	"scrambled#0.03#1"	"3600"	"2592000"	"Sat Feb 27 23:21:07 EST 2016"	"https://requestersandbox.mturk.com/mturk/manageHIT?HITId=36FQTHX3Z359J38URUO985ER6NSB3A"			""	""	""	""	""	""	""	""	""
"3I7KR83SNARWR814EG2CYL03T9BK9K"	"3PFYYPJUJWJ06ANAN0VOVT9TMKAZ25"	"Unscramble English Sentences (Per sentence bonus!) (Chrome or Safari users only)"	"Put the words of a scrambled sentence in the correct order. You will get a bonus for each sentence you correctly unscramble."	"sentences, scramble, unscramble, unscrambling, bonus"	"$0.01"	"Thu Feb 25 23:21:07 EST 2016"	"1"	"1"	"0"	"0"	"Assignable"	"NotReviewed"	"scrambled#0.03#1"	"3600"	"2592000"	"Sat Feb 27 23:21:07 EST 2016"	"https://requestersandbox.mturk.com/mturk/manageHIT?HITId=3I7KR83SNARWR814EG2CYL03T9BK9K"			""	""	""	""	""	""	""	""	""
"3MYASTQBG7PU51CG31RBG3V2J0IDQM"	"3PFYYPJUJWJ06ANAN0VOVT9TMKAZ25"	"Unscramble English Sentences (Per sentence bonus!) (Chrome or Safari users only)"	"Put the words of a scrambled sentence in the correct order. You will get a bonus for each sentence you correctly unscramble."	"sentences, scramble, unscramble, unscrambling, bonus"	"$0.01"	"Thu Feb 25 23:21:07 EST 2016"	"1"	"1"	"0"	"0"	"Assignable"	"NotReviewed"	"scrambled#0.03#1"	"3600"	"2592000"	"Sat Feb 27 23:21:07 EST 2016"	"https://requestersandbox.mturk.com/mturk/manageHIT?HITId=3MYASTQBG7PU51CG31RBG3V2J0IDQM"			""	""	""	""	""	""	""	""	""
"30U1YOGZGAA6IHRTV5GGB3A31O3DSB"	"3PFYYPJUJWJ06ANAN0VOVT9TMKAZ25"	"Unscramble English Sentences (Per sentence bonus!) (Chrome or Safari users only)"	"Put the words of a scrambled sentence in the correct order. You will get a bonus for each sentence you correctly unscramble."	"sentences, scramble, unscramble, unscrambling, bonus"	"$0.01"	"Thu Feb 25 23:21:08 EST 2016"	"1"	"1"	"0"	"0"	"Assignable"	"NotReviewed"	"scrambled#0.03#1"	"3600"	"2592000"	"Sat Feb 27 23:21:08 EST 2016"	"https://requestersandbox.mturk.com/mturk/manageHIT?HITId=30U1YOGZGAA6IHRTV5GGB3A31O3DSB"			""	""	""	""	""	""	""	""	""
"36JW4WBR06YEQSR9BHZ7VP6M4Q2FH3"	"3PFYYPJUJWJ06ANAN0VOVT9TMKAZ25"	"Unscramble English Sentences (Per sentence bonus!) (Chrome or Safari users only)"	"Put the words of a scrambled sentence in the correct order. You will get a bonus for each sentence you correctly unscramble."	"sentences, scramble, unscramble, unscrambling, bonus"	"$0.01"	"Thu Feb 25 23:21:08 EST 2016"	"1"	"1"	"0"	"0"	"Assignable"	"NotReviewed"	"scrambled#0.05#1"	"3600"	"2592000"	"Sat Feb 27 23:21:08 EST 2016"	"https://requestersandbox.mturk.com/mturk/manageHIT?HITId=36JW4WBR06YEQSR9BHZ7VP6M4Q2FH3"			""	""	""	""	""	""	""	""	""
"3WPCIUYH1AM7XH48K5L6L86P37HDT0"	"3PFYYPJUJWJ06ANAN0VOVT9TMKAZ25"	"Unscramble English Sentences (Per sentence bonus!) (Chrome or Safari users only)"	"Put the words of a scrambled sentence in the correct order. You will get a bonus for each sentence you correctly unscramble."	"sentences, scramble, unscramble, unscrambling, bonus"	"$0.01"	"Thu Feb 25 23:21:08 EST 2016"	"1"	"1"	"0"	"0"	"Assignable"	"NotReviewed"	"scrambled#0.05#1"	"3600"	"2592000"	"Sat Feb 27 23:21:08 EST 2016"	"https://requestersandbox.mturk.com/mturk/manageHIT?HITId=3WPCIUYH1AM7XH48K5L6L86P37HDT0"			""	""	""	""	""	""	""	""	""
"3L2OEKSTW9ORX87BD3XP7XK37I28YE"	"3PFYYPJUJWJ06ANAN0VOVT9TMKAZ25"	"Unscramble English Sentences (Per sentence bonus!) (Chrome or Safari users only)"	"Put the words of a scrambled sentence in the correct order. You will get a bonus for each sentence you correctly unscramble."	"sentences, scramble, unscramble, unscrambling, bonus"	"$0.01"	"Thu Feb 25 23:21:08 EST 2016"	"1"	"1"	"0"	"0"	"Assignable"	"NotReviewed"	"scrambled#0.05#1"	"3600"	"2592000"	"Sat Feb 27 23:21:08 EST 2016"	"https://requestersandbox.mturk.com/mturk/manageHIT?HITId=3L2OEKSTW9ORX87BD3XP7XK37I28YE"			""	""	""	""	""	""	""	""	""
"3W31J70BASAYP687Q0C30B1BZUEKC1"	"3PFYYPJUJWJ06ANAN0VOVT9TMKAZ25"	"Unscramble English Sentences (Per sentence bonus!) (Chrome or Safari users only)"	"Put the words of a scrambled sentence in the correct order. You will get a bonus for each sentence you correctly unscramble."	"sentences, scramble, unscramble, unscrambling, bonus"	"$0.01"	"Thu Feb 25 23:21:08 EST 2016"	"1"	"1"	"0"	"0"	"Assignable"	"NotReviewed"	"scrambled#0.05#1"	"3600"	"2592000"	"Sat Feb 27 23:21:08 EST 2016"	"https://requestersandbox.mturk.com/mturk/manageHIT?HITId=3W31J70BASAYP687Q0C30B1BZUEKC1"			""	""	""	""	""	""	""	""	""
"33NOQL7T9ODR2YHG9PZ8L4T5DC68Z5"	"3PFYYPJUJWJ06ANAN0VOVT9TMKAZ25"	"Unscramble English Sentences (Per sentence bonus!) (Chrome or Safari users only)"	"Put the words of a scrambled sentence in the correct order. You will get a bonus for each sentence you correctly unscramble."	"sentences, scramble, unscramble, unscrambling, bonus"	"$0.01"	"Thu Feb 25 23:21:08 EST 2016"	"1"	"1"	"0"	"0"	"Assignable"	"NotReviewed"	"scrambled#0.05#1"	"3600"	"2592000"	"Sat Feb 27 23:21:08 EST 2016"	"https://requestersandbox.mturk.com/mturk/manageHIT?HITId=33NOQL7T9ODR2YHG9PZ8L4T5DC68Z5"			""	""	""	""	""	""	""	""	""
"3LOJFQ4BOXT8UYELQW7EKHJTKUQKD1"	"3PFYYPJUJWJ06ANAN0VOVT9TMKAZ25"	"Unscramble English Sentences (Per sentence bonus!) (Chrome or Safari users only)"	"Put the words of a scrambled sentence in the correct order. You will get a bonus for each sentence you correctly unscramble."	"sentences, scramble, unscramble, unscrambling, bonus"	"$0.01"	"Thu Feb 25 23:21:08 EST 2016"	"1"	"1"	"0"	"0"	"Assignable"	"NotReviewed"	"scrambled#0.05#1"	"3600"	"2592000"	"Sat Feb 27 23:21:08 EST 2016"	"https://requestersandbox.mturk.com/mturk/manageHIT?HITId=3LOJFQ4BOXT8UYELQW7EKHJTKUQKD1"			""	""	""	""	""	""	""	""	""
"3DIIW4IV8P94O754XIL94XAAFD8I4B"	"3PFYYPJUJWJ06ANAN0VOVT9TMKAZ25"	"Unscramble English Sentences (Per sentence bonus!) (Chrome or Safari users only)"	"Put the words of a scrambled sentence in the correct order. You will get a bonus for each sentence you correctly unscramble."	"sentences, scramble, unscramble, unscrambling, bonus"	"$0.01"	"Thu Feb 25 23:21:08 EST 2016"	"1"	"1"	"0"	"0"	"Assignable"	"NotReviewed"	"scrambled#0.05#1"	"3600"	"2592000"	"Sat Feb 27 23:21:08 EST 2016"	"https://requestersandbox.mturk.com/mturk/manageHIT?HITId=3DIIW4IV8P94O754XIL94XAAFD8I4B"			""	""	""	""	""	""	""	""	""
"3AXFSPQOYQCAHYMZZH2S72M1HI6FJ8"	"3PFYYPJUJWJ06ANAN0VOVT9TMKAZ25"	"Unscramble English Sentences (Per sentence bonus!) (Chrome or Safari users only)"	"Put the words of a scrambled sentence in the correct order. You will get a bonus for each sentence you correctly unscramble."	"sentences, scramble, unscramble, unscrambling, bonus"	"$0.01"	"Thu Feb 25 23:21:08 EST 2016"	"1"	"1"	"0"	"0"	"Assignable"	"NotReviewed"	"scrambled#0.05#1"	"3600"	"2592000"	"Sat Feb 27 23:21:08 EST 2016"	"https://requestersandbox.mturk.com/mturk/manageHIT?HITId=3AXFSPQOYQCAHYMZZH2S72M1HI6FJ8"			""	""	""	""	""	""	""	""	""
"3FI30CQHVKX8GMVCAWM7F8QBGEUB6G"	"3PFYYPJUJWJ06ANAN0VOVT9TMKAZ25"	"Unscramble English Sentences (Per sentence bonus!) (Chrome or Safari users only)"	"Put the words of a scrambled sentence in the correct order. You will get a bonus for each sentence you correctly unscramble."	"sentences, scramble, unscramble, unscrambling, bonus"	"$0.01"	"Thu Feb 25 23:21:08 EST 2016"	"1"	"1"	"0"	"0"	"Assignable"	"NotReviewed"	"scrambled#0.05#1"	"3600"	"2592000"	"Sat Feb 27 23:21:08 EST 2016"	"https://requestersandbox.mturk.com/mturk/manageHIT?HITId=3FI30CQHVKX8GMVCAWM7F8QBGEUB6G"			""	""	""	""	""	""	""	""	""
"3R0WOCG21MNMXUJXKABGQ4SRMLODUR"	"3PFYYPJUJWJ06ANAN0VOVT9TMKAZ25"	"Unscramble English Sentences (Per sentence bonus!) (Chrome or Safari users only)"	"Put the words of a scrambled sentence in the correct order. You will get a bonus for each sentence you correctly unscramble."	"sentences, scramble, unscramble, unscrambling, bonus"	"$0.01"	"Thu Feb 25 23:21:09 EST 2016"	"1"	"1"	"0"	"0"	"Assignable"	"NotReviewed"	"scrambled#0.01#2"	"3600"	"2592000"	"Sat Feb 27 23:21:09 EST 2016"	"https://requestersandbox.mturk.com/mturk/manageHIT?HITId=3R0WOCG21MNMXUJXKABGQ4SRMLODUR"			""	""	""	""	""	""	""	""	""
"366FYU4PTG3DM4SLMRIYQZ1EK6RKEU"	"3PFYYPJUJWJ06ANAN0VOVT9TMKAZ25"	"Unscramble English Sentences (Per sentence bonus!) (Chrome or Safari users only)"	"Put the words of a scrambled sentence in the correct order. You will get a bonus for each sentence you correctly unscramble."	"sentences, scramble, unscramble, unscrambling, bonus"	"$0.01"	"Thu Feb 25 23:21:09 EST 2016"	"1"	"1"	"0"	"0"	"Assignable"	"NotReviewed"	"scrambled#0.01#2"	"3600"	"2592000"	"Sat Feb 27 23:21:09 EST 2016"	"https://requestersandbox.mturk.com/mturk/manageHIT?HITId=366FYU4PTG3DM4SLMRIYQZ1EK6RKEU"			""	""	""	""	""	""	""	""	""
"32K26U12DN2MA98XP0LLMQUA0SXDVG"	"3PFYYPJUJWJ06ANAN0VOVT9TMKAZ25"	"Unscramble English Sentences (Per sentence bonus!) (Chrome or Safari users only)"	"Put the words of a scrambled sentence in the correct order. You will get a bonus for each sentence you correctly unscramble."	"sentences, scramble, unscramble, unscrambling, bonus"	"$0.01"	"Thu Feb 25 23:21:09 EST 2016"	"1"	"1"	"0"	"0"	"Assignable"	"NotReviewed"	"scrambled#0.01#2"	"3600"	"2592000"	"Sat Feb 27 23:21:09 EST 2016"	"https://requestersandbox.mturk.com/mturk/manageHIT?HITId=32K26U12DN2MA98XP0LLMQUA0SXDVG"			""	""	""	""	""	""	""	""	""
"3MQKOF1EE22ZPY82FAQH8SDO71ZDWQ"	"3PFYYPJUJWJ06ANAN0VOVT9TMKAZ25"	"Unscramble English Sentences (Per sentence bonus!) (Chrome or Safari users only)"	"Put the words of a scrambled sentence in the correct order. You will get a bonus for each sentence you correctly unscramble."	"sentences, scramble, unscramble, unscrambling, bonus"	"$0.01"	"Thu Feb 25 23:21:09 EST 2016"	"1"	"1"	"0"	"0"	"Assignable"	"NotReviewed"	"scrambled#0.01#2"	"3600"	"2592000"	"Sat Feb 27 23:21:09 EST 2016"	"https://requestersandbox.mturk.com/mturk/manageHIT?HITId=3MQKOF1EE22ZPY82FAQH8SDO71ZDWQ"			""	""	""	""	""	""	""	""	""
"3YKP7CX6G2TRKM9HT6RZLMQ7BPEB7F"	"3PFYYPJUJWJ06ANAN0VOVT9TMKAZ25"	"Unscramble English Sentences (Per sentence bonus!) (Chrome or Safari users only)"	"Put the words of a scrambled sentence in the correct order. You will get a bonus for each sentence you correctly unscramble."	"sentences, scramble, unscramble, unscrambling, bonus"	"$0.01"	"Thu Feb 25 23:21:09 EST 2016"	"1"	"1"	"0"	"0"	"Assignable"	"NotReviewed"	"scrambled#0.01#2"	"3600"	"2592000"	"Sat Feb 27 23:21:09 EST 2016"	"https://requestersandbox.mturk.com/mturk/manageHIT?HITId=3YKP7CX6G2TRKM9HT6RZLMQ7BPEB7F"			""	""	""	""	""	""	""	""	""
"3UDTAB6HH6DUEIU0ANSUF1LUFB5903"	"3PFYYPJUJWJ06ANAN0VOVT9TMKAZ25"	"Unscramble English Sentences (Per sentence bonus!) (Chrome or Safari users only)"	"Put the words of a scrambled sentence in the correct order. You will get a bonus for each sentence you correctly unscramble."	"sentences, scramble, unscramble, unscrambling, bonus"	"$0.01"	"Thu Feb 25 23:21:09 EST 2016"	"1"	"1"	"0"	"0"	"Assignable"	"NotReviewed"	"scrambled#0.01#2"	"3600"	"2592000"	"Sat Feb 27 23:21:09 EST 2016"	"https://requestersandbox.mturk.com/mturk/manageHIT?HITId=3UDTAB6HH6DUEIU0ANSUF1LUFB5903"			""	""	""	""	""	""	""	""	""
"3TZDZ3Y0JSKUL7FI66WUT644K3B916"	"3PFYYPJUJWJ06ANAN0VOVT9TMKAZ25"	"Unscramble English Sentences (Per sentence bonus!) (Chrome or Safari users only)"	"Put the words of a scrambled sentence in the correct order. You will get a bonus for each sentence you correctly unscramble."	"sentences, scramble, unscramble, unscrambling, bonus"	"$0.01"	"Thu Feb 25 23:21:09 EST 2016"	"1"	"1"	"0"	"0"	"Assignable"	"NotReviewed"	"scrambled#0.01#2"	"3600"	"2592000"	"Sat Feb 27 23:21:09 EST 2016"	"https://requestersandbox.mturk.com/mturk/manageHIT?HITId=3TZDZ3Y0JSKUL7FI66WUT644K3B916"			""	""	""	""	""	""	""	""	""
"35A1YQPVFEUMKQ94BN4J9PGOF93I5G"	"3PFYYPJUJWJ06ANAN0VOVT9TMKAZ25"	"Unscramble English Sentences (Per sentence bonus!) (Chrome or Safari users only)"	"Put the words of a scrambled sentence in the correct order. You will get a bonus for each sentence you correctly unscramble."	"sentences, scramble, unscramble, unscrambling, bonus"	"$0.01"	"Thu Feb 25 23:21:09 EST 2016"	"1"	"1"	"0"	"0"	"Assignable"	"NotReviewed"	"scrambled#0.01#2"	"3600"	"2592000"	"Sat Feb 27 23:21:09 EST 2016"	"https://requestersandbox.mturk.com/mturk/manageHIT?HITId=35A1YQPVFEUMKQ94BN4J9PGOF93I5G"			""	""	""	""	""	""	""	""	""
"3O2Y2UIUCQ85SISHH2248HMEW76KFC"	"3PFYYPJUJWJ06ANAN0VOVT9TMKAZ25"	"Unscramble English Sentences (Per sentence bonus!) (Chrome or Safari users only)"	"Put the words of a scrambled sentence in the correct order. You will get a bonus for each sentence you correctly unscramble."	"sentences, scramble, unscramble, unscrambling, bonus"	"$0.01"	"Thu Feb 25 23:21:09 EST 2016"	"1"	"1"	"0"	"0"	"Assignable"	"NotReviewed"	"scrambled#0.01#2"	"3600"	"2592000"	"Sat Feb 27 23:21:09 EST 2016"	"https://requestersandbox.mturk.com/mturk/manageHIT?HITId=3O2Y2UIUCQ85SISHH2248HMEW76KFC"			""	""	""	""	""	""	""	""	""
"3XT3KXP24ZCI3U9IG6EO1VUOB4EI6W"	"3PFYYPJUJWJ06ANAN0VOVT9TMKAZ25"	"Unscramble English Sentences (Per sentence bonus!) (Chrome or Safari users only)"	"Put the words of a scrambled sentence in the correct order. You will get a bonus for each sentence you correctly unscramble."	"sentences, scramble, unscramble, unscrambling, bonus"	"$0.01"	"Thu Feb 25 23:21:09 EST 2016"	"1"	"1"	"0"	"0"	"Assignable"	"NotReviewed"	"scrambled#0.03#2"	"3600"	"2592000"	"Sat Feb 27 23:21:09 EST 2016"	"https://requestersandbox.mturk.com/mturk/manageHIT?HITId=3XT3KXP24ZCI3U9IG6EO1VUOB4EI6W"			""	""	""	""	""	""	""	""	""
"306W7JMRYYCVK0E03BJ5ZMM2M9KB82"	"3PFYYPJUJWJ06ANAN0VOVT9TMKAZ25"	"Unscramble English Sentences (Per sentence bonus!) (Chrome or Safari users only)"	"Put the words of a scrambled sentence in the correct order. You will get a bonus for each sentence you correctly unscramble."	"sentences, scramble, unscramble, unscrambling, bonus"	"$0.01"	"Thu Feb 25 23:21:10 EST 2016"	"1"	"1"	"0"	"0"	"Assignable"	"NotReviewed"	"scrambled#0.03#2"	"3600"	"2592000"	"Sat Feb 27 23:21:10 EST 2016"	"https://requestersandbox.mturk.com/mturk/manageHIT?HITId=306W7JMRYYCVK0E03BJ5ZMM2M9KB82"			""	""	""	""	""	""	""	""	""
"3O2Y2UIUCQ85SISHH2248HMEW76FK7"	"3PFYYPJUJWJ06ANAN0VOVT9TMKAZ25"	"Unscramble English Sentences (Per sentence bonus!) (Chrome or Safari users only)"	"Put the words of a scrambled sentence in the correct order. You will get a bonus for each sentence you correctly unscramble."	"sentences, scramble, unscramble, unscrambling, bonus"	"$0.01"	"Thu Feb 25 23:21:10 EST 2016"	"1"	"1"	"0"	"0"	"Assignable"	"NotReviewed"	"scrambled#0.03#2"	"3600"	"2592000"	"Sat Feb 27 23:21:10 EST 2016"	"https://requestersandbox.mturk.com/mturk/manageHIT?HITId=3O2Y2UIUCQ85SISHH2248HMEW76FK7"			""	""	""	""	""	""	""	""	""
"3KL228NDMV0B6IOCSM8MQ2MQXM6KGB"	"3PFYYPJUJWJ06ANAN0VOVT9TMKAZ25"	"Unscramble English Sentences (Per sentence bonus!) (Chrome or Safari users only)"	"Put the words of a scrambled sentence in the correct order. You will get a bonus for each sentence you correctly unscramble."	"sentences, scramble, unscramble, unscrambling, bonus"	"$0.01"	"Thu Feb 25 23:21:10 EST 2016"	"1"	"1"	"0"	"0"	"Assignable"	"NotReviewed"	"scrambled#0.03#2"	"3600"	"2592000"	"Sat Feb 27 23:21:10 EST 2016"	"https://requestersandbox.mturk.com/mturk/manageHIT?HITId=3KL228NDMV0B6IOCSM8MQ2MQXM6KGB"			""	""	""	""	""	""	""	""	""
"3MDWE879UHGVY5XA83PJZIHD6F2B9R"	"3PFYYPJUJWJ06ANAN0VOVT9TMKAZ25"	"Unscramble English Sentences (Per sentence bonus!) (Chrome or Safari users only)"	"Put the words of a scrambled sentence in the correct order. You will get a bonus for each sentence you correctly unscramble."	"sentences, scramble, unscramble, unscrambling, bonus"	"$0.01"	"Thu Feb 25 23:21:10 EST 2016"	"1"	"0"	"0"	"0"	"Reviewable"	"NotReviewed"	"scrambled#0.03#2"	"3600"	"2592000"	"Sat Feb 27 23:21:10 EST 2016"	"https://requestersandbox.mturk.com/mturk/manageHIT?HITId=3MDWE879UHGVY5XA83PJZIHD6F2B9R"	"3NS0A6KXC5M9IXKSIPGY115K73XGZX"	"A1FG48N6AJNJ48"	"Submitted"	"Sun Mar 27 00:42:41 EDT 2016"	"Thu Feb 25 23:30:49 EST 2016"	"Thu Feb 25 23:42:41 EST 2016"	""	""	""	""	""	"the war ||| Congressman ||| Iraq ||| ended ||| visited ||| Jones ||| after ||| ? ||| Has ||| , ||| a ||| , ||| US |||  $$$ EB ||| Games ||| disses ||| Jobs ||| , ||| opens ||| Zune ||| pre-orders ||| . |||  $$$ My ||| cabbage ||| crop ||| is ||| infected ||| with ||| wilt ||| . |||  $$$ the ||| first ||| Bishop ||| of ||| London ||| was ||| Mellitus ||| . |||  $$$ Laptop ||| battery ||| recall ||| saga ||| : ||| Sony ||| joins ||| in ||| . |||  $$$ Do ||| n't ||| use ||| the ||| cattle ||| prod ||| on ||| the giraffe ||| ! |||  $$$ How ||| old ||| is ||| your ||| cousin ||| ? |||  $$$ Put ||| the ||| tire ||| on ||| the ||| truck ||| pallet ||| . |||  $$$ Which ||| blouse ||| do ||| you ||| like ||| ? |||  $$$ My ||| dog ||| needed ||| surgery ||| after ||| eating a rupee coin ||| . |||  $$$ Two ||| metro ||| trains ||| crash ||| in ||| Rome ||| , ||| dozens ||| hurt ||| . |||  $$$ 'T ||| was ||| a ||| dark ||| and ||| stormy ||| night ||| . |||  $$$ I ||| was ||| lax ||| about ||| bramble pruning ||| before ||| that ||| wake up ||| call ||| . |||  $$$ Stanford ||| is ||| located ||| in ||| California ||| . |||  $$$ A ||| third ||| of ||| the ||| money ||| is ||| mine ||| . |||  $$$ I ||| saw ||| her ||| while ||| she ||| was chewing gum ||| . |||  $$$ The ||| dog ||| bit ||| the ||| cat ||| . |||  $$$ I ||| got ||| a ||| premium ||| membership ||| from ||| 24 ||| Hour ||| Fitness ||| . |||  $$$ He ||| has ||| fallen ||| in ||| love ||| with ||| arrowroot ||| milk ||| biscuits ||| . |||  $$$ Has ||| the ||| concentration ||| of ||| toxic agents ||| in marine burials of chemical weapons ||| increased ||| prior ||| to ||| 1999 ||| ? |||  $$$ UN ||| peacekeepers ||| have ||| been ||| ineffective ||| in ||| Sudan ||| . |||  $$$ Al ||| Qaeda ||| texts ||| to ||| be ||| published ||| in US book |||  $$$ Does ||| homeowners ||| insurance ||| cover ||| tornadoes ||| ? |||  $$$ Get ||| me ||| the ||| book ||| on ||| the coffee table ||| . |||  $$$ Hey ||| , ||| dog ||| , ||| eat ||| your ||| bananas ||| . |||  $$$ Why ||| did ||| n't ||| you ||| take ||| Airline ||| Australia-Asia ||| ? |||  $$$ of ||| Jean-Bertand ||| slum ||| Bel-Air ||| in ||| the ||| Aristide ||| Supporters ||| President ||| Port-au-Prince ||| former ||| of ||| pro-Aristide ||| in |||  $$$ US ||| earnings ||| focus ||| higher ||| edge ||| futures ||| in ||| stock ||| . ||| ; |||  $$$ Nitric ||| kidney ||| PKC ||| and ||| inhibits ||| cells ||| . ||| opossum ||| Na+-K+-ATPase ||| in ||| oxide ||| activates |||  $$$ Another ||| boss ||| bites ||| dust ||| in ||| options ||| scandal ||| . |||  $$$ "	"0.03"	"2"	"Another boss bites dust in options scandal . "
"33P2GD6NRN6P6EJNCSQ4B2YRCMJKHA"	"3PFYYPJUJWJ06ANAN0VOVT9TMKAZ25"	"Unscramble English Sentences (Per sentence bonus!) (Chrome or Safari users only)"	"Put the words of a scrambled sentence in the correct order. You will get a bonus for each sentence you correctly unscramble."	"sentences, scramble, unscramble, unscrambling, bonus"	"$0.01"	"Thu Feb 25 23:21:10 EST 2016"	"1"	"1"	"0"	"0"	"Assignable"	"NotReviewed"	"scrambled#0.03#2"	"3600"	"2592000"	"Sat Feb 27 23:21:10 EST 2016"	"https://requestersandbox.mturk.com/mturk/manageHIT?HITId=33P2GD6NRN6P6EJNCSQ4B2YRCMJKHA"			""	""	""	""	""	""	""	""	""				
"3FJ2RVH25ZK1ASXEPAW8YPE9C9P92N"	"3PFYYPJUJWJ06ANAN0VOVT9TMKAZ25"	"Unscramble English Sentences (Per sentence bonus!) (Chrome or Safari users only)"	"Put the words of a scrambled sentence in the correct order. You will get a bonus for each sentence you correctly unscramble."	"sentences, scramble, unscramble, unscrambling, bonus"	"$0.01"	"Thu Feb 25 23:21:10 EST 2016"	"1"	"1"	"0"	"0"	"Assignable"	"NotReviewed"	"scrambled#0.03#2"	"3600"	"2592000"	"Sat Feb 27 23:21:10 EST 2016"	"https://requestersandbox.mturk.com/mturk/manageHIT?HITId=3FJ2RVH25ZK1ASXEPAW8YPE9C9P92N"			""	""	""	""	""	""	""	""	""				
"3TD33TP5DLG93O7F093JVDSXCXKBA6"	"3PFYYPJUJWJ06ANAN0VOVT9TMKAZ25"	"Unscramble English Sentences (Per sentence bonus!) (Chrome or Safari users only)"	"Put the words of a scrambled sentence in the correct order. You will get a bonus for each sentence you correctly unscramble."	"sentences, scramble, unscramble, unscrambling, bonus"	"$0.01"	"Thu Feb 25 23:21:10 EST 2016"	"1"	"1"	"0"	"0"	"Assignable"	"NotReviewed"	"scrambled#0.03#2"	"3600"	"2592000"	"Sat Feb 27 23:21:10 EST 2016"	"https://requestersandbox.mturk.com/mturk/manageHIT?HITId=3TD33TP5DLG93O7F093JVDSXCXKBA6"			""	""	""	""	""	""	""	""	""				
"37PGLWGSJTKP29U7IA8PBEZ6CZYKI3"	"3PFYYPJUJWJ06ANAN0VOVT9TMKAZ25"	"Unscramble English Sentences (Per sentence bonus!) (Chrome or Safari users only)"	"Put the words of a scrambled sentence in the correct order. You will get a bonus for each sentence you correctly unscramble."	"sentences, scramble, unscramble, unscrambling, bonus"	"$0.01"	"Thu Feb 25 23:21:10 EST 2016"	"1"	"1"	"0"	"0"	"Assignable"	"NotReviewed"	"scrambled#0.03#2"	"3600"	"2592000"	"Sat Feb 27 23:21:10 EST 2016"	"https://requestersandbox.mturk.com/mturk/manageHIT?HITId=37PGLWGSJTKP29U7IA8PBEZ6CZYKI3"			""	""	""	""	""	""	""	""	""				
"3Z8UJEJOCZRQVATXTAADHZJ1INP93Y"	"3PFYYPJUJWJ06ANAN0VOVT9TMKAZ25"	"Unscramble English Sentences (Per sentence bonus!) (Chrome or Safari users only)"	"Put the words of a scrambled sentence in the correct order. You will get a bonus for each sentence you correctly unscramble."	"sentences, scramble, unscramble, unscrambling, bonus"	"$0.01"	"Thu Feb 25 23:21:10 EST 2016"	"1"	"1"	"0"	"0"	"Assignable"	"NotReviewed"	"scrambled#0.05#2"	"3600"	"2592000"	"Sat Feb 27 23:21:10 EST 2016"	"https://requestersandbox.mturk.com/mturk/manageHIT?HITId=3Z8UJEJOCZRQVATXTAADHZJ1INP93Y"			""	""	""	""	""	""	""	""	""				
"373L46LKP7KLXKED0STPNFE6PENKJF"	"3PFYYPJUJWJ06ANAN0VOVT9TMKAZ25"	"Unscramble English Sentences (Per sentence bonus!) (Chrome or Safari users only)"	"Put the words of a scrambled sentence in the correct order. You will get a bonus for each sentence you correctly unscramble."	"sentences, scramble, unscramble, unscrambling, bonus"	"$0.01"	"Thu Feb 25 23:21:11 EST 2016"	"1"	"1"	"0"	"0"	"Assignable"	"NotReviewed"	"scrambled#0.05#2"	"3600"	"2592000"	"Sat Feb 27 23:21:11 EST 2016"	"https://requestersandbox.mturk.com/mturk/manageHIT?HITId=373L46LKP7KLXKED0STPNFE6PENKJF"			""	""	""	""	""	""	""	""	""				
"3GVPRXWRPH817UNNZGJG79UK6FYI7V"	"3PFYYPJUJWJ06ANAN0VOVT9TMKAZ25"	"Unscramble English Sentences (Per sentence bonus!) (Chrome or Safari users only)"	"Put the words of a scrambled sentence in the correct order. You will get a bonus for each sentence you correctly unscramble."	"sentences, scramble, unscramble, unscrambling, bonus"	"$0.01"	"Thu Feb 25 23:21:11 EST 2016"	"1"	"1"	"0"	"0"	"Assignable"	"NotReviewed"	"scrambled#0.05#2"	"3600"	"2592000"	"Sat Feb 27 23:21:11 EST 2016"	"https://requestersandbox.mturk.com/mturk/manageHIT?HITId=3GVPRXWRPH817UNNZGJG79UK6FYI7V"			""	""	""	""	""	""	""	""	""				
"3TL87MO8CM3GCOAZ22E5NHZTL7BFLA"	"3PFYYPJUJWJ06ANAN0VOVT9TMKAZ25"	"Unscramble English Sentences (Per sentence bonus!) (Chrome or Safari users only)"	"Put the words of a scrambled sentence in the correct order. You will get a bonus for each sentence you correctly unscramble."	"sentences, scramble, unscramble, unscrambling, bonus"	"$0.01"	"Thu Feb 25 23:21:11 EST 2016"	"1"	"1"	"0"	"0"	"Assignable"	"NotReviewed"	"scrambled#0.05#2"	"3600"	"2592000"	"Sat Feb 27 23:21:11 EST 2016"	"https://requestersandbox.mturk.com/mturk/manageHIT?HITId=3TL87MO8CM3GCOAZ22E5NHZTL7BFLA"			""	""	""	""	""	""	""	""	""				
"3S829FDFT2FEEYDSPFM3ABRVG35DXJ"	"3PFYYPJUJWJ06ANAN0VOVT9TMKAZ25"	"Unscramble English Sentences (Per sentence bonus!) (Chrome or Safari users only)"	"Put the words of a scrambled sentence in the correct order. You will get a bonus for each sentence you correctly unscramble."	"sentences, scramble, unscramble, unscrambling, bonus"	"$0.01"	"Thu Feb 25 23:21:11 EST 2016"	"1"	"1"	"0"	"0"	"Assignable"	"NotReviewed"	"scrambled#0.05#2"	"3600"	"2592000"	"Sat Feb 27 23:21:11 EST 2016"	"https://requestersandbox.mturk.com/mturk/manageHIT?HITId=3S829FDFT2FEEYDSPFM3ABRVG35DXJ"			""	""	""	""	""	""	""	""	""				
"3TKSOBLOHLUEMYC76N3FQOC3UF5BB1"	"3PFYYPJUJWJ06ANAN0VOVT9TMKAZ25"	"Unscramble English Sentences (Per sentence bonus!) (Chrome or Safari users only)"	"Put the words of a scrambled sentence in the correct order. You will get a bonus for each sentence you correctly unscramble."	"sentences, scramble, unscramble, unscrambling, bonus"	"$0.01"	"Thu Feb 25 23:21:11 EST 2016"	"1"	"1"	"0"	"0"	"Assignable"	"NotReviewed"	"scrambled#0.05#2"	"3600"	"2592000"	"Sat Feb 27 23:21:11 EST 2016"	"https://requestersandbox.mturk.com/mturk/manageHIT?HITId=3TKSOBLOHLUEMYC76N3FQOC3UF5BB1"			""	""	""	""	""	""	""	""	""				
"3O0M2G5VC6GBD6C1TOFWR4B7WNL94J"	"3PFYYPJUJWJ06ANAN0VOVT9TMKAZ25"	"Unscramble English Sentences (Per sentence bonus!) (Chrome or Safari users only)"	"Put the words of a scrambled sentence in the correct order. You will get a bonus for each sentence you correctly unscramble."	"sentences, scramble, unscramble, unscrambling, bonus"	"$0.01"	"Thu Feb 25 23:21:11 EST 2016"	"1"	"1"	"0"	"0"	"Assignable"	"NotReviewed"	"scrambled#0.05#2"	"3600"	"2592000"	"Sat Feb 27 23:21:11 EST 2016"	"https://requestersandbox.mturk.com/mturk/manageHIT?HITId=3O0M2G5VC6GBD6C1TOFWR4B7WNL94J"			""	""	""	""	""	""	""	""	""				
"3UY4PIS8QRZFA9JC7GFZB7ZOPSSN1J"	"3PFYYPJUJWJ06ANAN0VOVT9TMKAZ25"	"Unscramble English Sentences (Per sentence bonus!) (Chrome or Safari users only)"	"Put the words of a scrambled sentence in the correct order. You will get a bonus for each sentence you correctly unscramble."	"sentences, scramble, unscramble, unscrambling, bonus"	"$0.01"	"Thu Feb 25 23:21:11 EST 2016"	"1"	"1"	"0"	"0"	"Assignable"	"NotReviewed"	"scrambled#0.05#2"	"3600"	"2592000"	"Sat Feb 27 23:21:11 EST 2016"	"https://requestersandbox.mturk.com/mturk/manageHIT?HITId=3UY4PIS8QRZFA9JC7GFZB7ZOPSSN1J"			""	""	""	""	""	""	""	""	""				
"309D674SHZZXW34DKNZA18ILC05BC8"	"3PFYYPJUJWJ06ANAN0VOVT9TMKAZ25"	"Unscramble English Sentences (Per sentence bonus!) (Chrome or Safari users only)"	"Put the words of a scrambled sentence in the correct order. You will get a bonus for each sentence you correctly unscramble."	"sentences, scramble, unscramble, unscrambling, bonus"	"$0.01"	"Thu Feb 25 23:21:11 EST 2016"	"1"	"1"	"0"	"0"	"Assignable"	"NotReviewed"	"scrambled#0.05#2"	"3600"	"2592000"	"Sat Feb 27 23:21:11 EST 2016"	"https://requestersandbox.mturk.com/mturk/manageHIT?HITId=309D674SHZZXW34DKNZA18ILC05BC8"			""	""	""	""	""	""	""	""	""				
"3PUV2Q8SV4I71VARKJULLE03X0HBD8"	"3PFYYPJUJWJ06ANAN0VOVT9TMKAZ25"	"Unscramble English Sentences (Per sentence bonus!) (Chrome or Safari users only)"	"Put the words of a scrambled sentence in the correct order. You will get a bonus for each sentence you correctly unscramble."	"sentences, scramble, unscramble, unscrambling, bonus"	"$0.01"	"Thu Feb 25 23:21:11 EST 2016"	"1"	"1"	"0"	"0"	"Assignable"	"NotReviewed"	"scrambled#0.01#3"	"3600"	"2592000"	"Sat Feb 27 23:21:11 EST 2016"	"https://requestersandbox.mturk.com/mturk/manageHIT?HITId=3PUV2Q8SV4I71VARKJULLE03X0HBD8"			""	""	""	""	""	""	""	""	""				
"3AQN9REUTFU3E332UB85TPY4I9ZDYP"	"3PFYYPJUJWJ06ANAN0VOVT9TMKAZ25"	"Unscramble English Sentences (Per sentence bonus!) (Chrome or Safari users only)"	"Put the words of a scrambled sentence in the correct order. You will get a bonus for each sentence you correctly unscramble."	"sentences, scramble, unscramble, unscrambling, bonus"	"$0.01"	"Thu Feb 25 23:21:11 EST 2016"	"1"	"1"	"0"	"0"	"Assignable"	"NotReviewed"	"scrambled#0.01#3"	"3600"	"2592000"	"Sat Feb 27 23:21:11 EST 2016"	"https://requestersandbox.mturk.com/mturk/manageHIT?HITId=3AQN9REUTFU3E332UB85TPY4I9ZDYP"			""	""	""	""	""	""	""	""	""				
"3ACRLU860NSCT1ORGE55RWIOXCIBE1"	"3PFYYPJUJWJ06ANAN0VOVT9TMKAZ25"	"Unscramble English Sentences (Per sentence bonus!) (Chrome or Safari users only)"	"Put the words of a scrambled sentence in the correct order. You will get a bonus for each sentence you correctly unscramble."	"sentences, scramble, unscramble, unscrambling, bonus"	"$0.01"	"Thu Feb 25 23:21:11 EST 2016"	"1"	"1"	"0"	"0"	"Assignable"	"NotReviewed"	"scrambled#0.01#3"	"3600"	"2592000"	"Sat Feb 27 23:21:11 EST 2016"	"https://requestersandbox.mturk.com/mturk/manageHIT?HITId=3ACRLU860NSCT1ORGE55RWIOXCIBE1"			""	""	""	""	""	""	""	""	""				
"3S8APUMBJXX4ZFONBPPB9E3O9DXBFJ"	"3PFYYPJUJWJ06ANAN0VOVT9TMKAZ25"	"Unscramble English Sentences (Per sentence bonus!) (Chrome or Safari users only)"	"Put the words of a scrambled sentence in the correct order. You will get a bonus for each sentence you correctly unscramble."	"sentences, scramble, unscramble, unscrambling, bonus"	"$0.01"	"Thu Feb 25 23:21:11 EST 2016"	"1"	"1"	"0"	"0"	"Assignable"	"NotReviewed"	"scrambled#0.01#3"	"3600"	"2592000"	"Sat Feb 27 23:21:11 EST 2016"	"https://requestersandbox.mturk.com/mturk/manageHIT?HITId=3S8APUMBJXX4ZFONBPPB9E3O9DXBFJ"			""	""	""	""	""	""	""	""	""				
"3OREP8RUT2PADFKIM9VTRZ30ASXBGI"	"3PFYYPJUJWJ06ANAN0VOVT9TMKAZ25"	"Unscramble English Sentences (Per sentence bonus!) (Chrome or Safari users only)"	"Put the words of a scrambled sentence in the correct order. You will get a bonus for each sentence you correctly unscramble."	"sentences, scramble, unscramble, unscrambling, bonus"	"$0.01"	"Thu Feb 25 23:21:12 EST 2016"	"1"	"1"	"0"	"0"	"Assignable"	"NotReviewed"	"scrambled#0.01#3"	"3600"	"2592000"	"Sat Feb 27 23:21:12 EST 2016"	"https://requestersandbox.mturk.com/mturk/manageHIT?HITId=3OREP8RUT2PADFKIM9VTRZ30ASXBGI"			""	""	""	""	""	""	""	""	""				
"3GITHABACYZMZU18QKFDGQ9THY6N20"	"3PFYYPJUJWJ06ANAN0VOVT9TMKAZ25"	"Unscramble English Sentences (Per sentence bonus!) (Chrome or Safari users only)"	"Put the words of a scrambled sentence in the correct order. You will get a bonus for each sentence you correctly unscramble."	"sentences, scramble, unscramble, unscrambling, bonus"	"$0.01"	"Thu Feb 25 23:21:12 EST 2016"	"1"	"1"	"0"	"0"	"Assignable"	"NotReviewed"	"scrambled#0.01#3"	"3600"	"2592000"	"Sat Feb 27 23:21:12 EST 2016"	"https://requestersandbox.mturk.com/mturk/manageHIT?HITId=3GITHABACYZMZU18QKFDGQ9THY6N20"			""	""	""	""	""	""	""	""	""				
"3CVDZS288HE0I6SK2EFKNUEILC1FMC"	"3PFYYPJUJWJ06ANAN0VOVT9TMKAZ25"	"Unscramble English Sentences (Per sentence bonus!) (Chrome or Safari users only)"	"Put the words of a scrambled sentence in the correct order. You will get a bonus for each sentence you correctly unscramble."	"sentences, scramble, unscramble, unscrambling, bonus"	"$0.01"	"Thu Feb 25 23:21:12 EST 2016"	"1"	"1"	"0"	"0"	"Assignable"	"NotReviewed"	"scrambled#0.01#3"	"3600"	"2592000"	"Sat Feb 27 23:21:12 EST 2016"	"https://requestersandbox.mturk.com/mturk/manageHIT?HITId=3CVDZS288HE0I6SK2EFKNUEILC1FMC"			""	""	""	""	""	""	""	""	""				
"3L84EBDQ37GG84KVIDT1OUEJ43NKKE"	"3PFYYPJUJWJ06ANAN0VOVT9TMKAZ25"	"Unscramble English Sentences (Per sentence bonus!) (Chrome or Safari users only)"	"Put the words of a scrambled sentence in the correct order. You will get a bonus for each sentence you correctly unscramble."	"sentences, scramble, unscramble, unscrambling, bonus"	"$0.01"	"Thu Feb 25 23:21:12 EST 2016"	"1"	"1"	"0"	"0"	"Assignable"	"NotReviewed"	"scrambled#0.01#3"	"3600"	"2592000"	"Sat Feb 27 23:21:12 EST 2016"	"https://requestersandbox.mturk.com/mturk/manageHIT?HITId=3L84EBDQ37GG84KVIDT1OUEJ43NKKE"			""	""	""	""	""	""	""	""	""				
"3RSBJ6YZEC4OI9DWFUUXFY3NGCGFOR"	"3PFYYPJUJWJ06ANAN0VOVT9TMKAZ25"	"Unscramble English Sentences (Per sentence bonus!) (Chrome or Safari users only)"	"Put the words of a scrambled sentence in the correct order. You will get a bonus for each sentence you correctly unscramble."	"sentences, scramble, unscramble, unscrambling, bonus"	"$0.01"	"Thu Feb 25 23:21:12 EST 2016"	"1"	"1"	"0"	"0"	"Assignable"	"NotReviewed"	"scrambled#0.01#3"	"3600"	"2592000"	"Sat Feb 27 23:21:12 EST 2016"	"https://requestersandbox.mturk.com/mturk/manageHIT?HITId=3RSBJ6YZEC4OI9DWFUUXFY3NGCGFOR"			""	""	""	""	""	""	""	""	""				
"3M0556243SY60ODKEFUK093IQ2BFNC"	"3PFYYPJUJWJ06ANAN0VOVT9TMKAZ25"	"Unscramble English Sentences (Per sentence bonus!) (Chrome or Safari users only)"	"Put the words of a scrambled sentence in the correct order. You will get a bonus for each sentence you correctly unscramble."	"sentences, scramble, unscramble, unscrambling, bonus"	"$0.01"	"Thu Feb 25 23:21:12 EST 2016"	"1"	"1"	"0"	"0"	"Assignable"	"NotReviewed"	"scrambled#0.03#3"	"3600"	"2592000"	"Sat Feb 27 23:21:12 EST 2016"	"https://requestersandbox.mturk.com/mturk/manageHIT?HITId=3M0556243SY60ODKEFUK093IQ2BFNC"			""	""	""	""	""	""	""	""	""				
"3HY86PZXPYWBG36ZEHCGLK5FB0RE1L"	"3PFYYPJUJWJ06ANAN0VOVT9TMKAZ25"	"Unscramble English Sentences (Per sentence bonus!) (Chrome or Safari users only)"	"Put the words of a scrambled sentence in the correct order. You will get a bonus for each sentence you correctly unscramble."	"sentences, scramble, unscramble, unscrambling, bonus"	"$0.01"	"Thu Feb 25 23:21:16 EST 2016"	"1"	"1"	"0"	"0"	"Assignable"	"NotReviewed"	"scrambled#0.03#3"	"3600"	"2592000"	"Sat Feb 27 23:21:16 EST 2016"	"https://requestersandbox.mturk.com/mturk/manageHIT?HITId=3HY86PZXPYWBG36ZEHCGLK5FB0RE1L"			""	""	""	""	""	""	""	""	""				
"3HRWUH63QUGEYRKV83HBEXC518XN51"	"3PFYYPJUJWJ06ANAN0VOVT9TMKAZ25"	"Unscramble English Sentences (Per sentence bonus!) (Chrome or Safari users only)"	"Put the words of a scrambled sentence in the correct order. You will get a bonus for each sentence you correctly unscramble."	"sentences, scramble, unscramble, unscrambling, bonus"	"$0.01"	"Thu Feb 25 23:21:14 EST 2016"	"1"	"1"	"0"	"0"	"Assignable"	"NotReviewed"	"scrambled#0.03#3"	"3600"	"2592000"	"Sat Feb 27 23:21:14 EST 2016"	"https://requestersandbox.mturk.com/mturk/manageHIT?HITId=3HRWUH63QUGEYRKV83HBEXC518XN51"			""	""	""	""	""	""	""	""	""				
"3OYHVNTV5TCZYV5AG5LUVBVSO8XKOY"	"3PFYYPJUJWJ06ANAN0VOVT9TMKAZ25"	"Unscramble English Sentences (Per sentence bonus!) (Chrome or Safari users only)"	"Put the words of a scrambled sentence in the correct order. You will get a bonus for each sentence you correctly unscramble."	"sentences, scramble, unscramble, unscrambling, bonus"	"$0.01"	"Thu Feb 25 23:21:14 EST 2016"	"1"	"1"	"0"	"0"	"Assignable"	"NotReviewed"	"scrambled#0.03#3"	"3600"	"2592000"	"Sat Feb 27 23:21:14 EST 2016"	"https://requestersandbox.mturk.com/mturk/manageHIT?HITId=3OYHVNTV5TCZYV5AG5LUVBVSO8XKOY"			""	""	""	""	""	""	""	""	""				
"375VMB7D4JXHO3OXQTM2714GSQ1IDO"	"3PFYYPJUJWJ06ANAN0VOVT9TMKAZ25"	"Unscramble English Sentences (Per sentence bonus!) (Chrome or Safari users only)"	"Put the words of a scrambled sentence in the correct order. You will get a bonus for each sentence you correctly unscramble."	"sentences, scramble, unscramble, unscrambling, bonus"	"$0.01"	"Thu Feb 25 23:21:15 EST 2016"	"1"	"1"	"0"	"0"	"Assignable"	"NotReviewed"	"scrambled#0.03#3"	"3600"	"2592000"	"Sat Feb 27 23:21:15 EST 2016"	"https://requestersandbox.mturk.com/mturk/manageHIT?HITId=375VMB7D4JXHO3OXQTM2714GSQ1IDO"			""	""	""	""	""	""	""	""	""				
"3Z3R5YC0P314V1I4BBGW989AFKXFTD"	"3PFYYPJUJWJ06ANAN0VOVT9TMKAZ25"	"Unscramble English Sentences (Per sentence bonus!) (Chrome or Safari users only)"	"Put the words of a scrambled sentence in the correct order. You will get a bonus for each sentence you correctly unscramble."	"sentences, scramble, unscramble, unscrambling, bonus"	"$0.01"	"Thu Feb 25 23:21:16 EST 2016"	"1"	"1"	"0"	"0"	"Assignable"	"NotReviewed"	"scrambled#0.03#3"	"3600"	"2592000"	"Sat Feb 27 23:21:16 EST 2016"	"https://requestersandbox.mturk.com/mturk/manageHIT?HITId=3Z3R5YC0P314V1I4BBGW989AFKXFTD"			""	""	""	""	""	""	""	""	""				
"3G4VVJO6PZUHJVHBV5Y9KB0IYDTKPF"	"3PFYYPJUJWJ06ANAN0VOVT9TMKAZ25"	"Unscramble English Sentences (Per sentence bonus!) (Chrome or Safari users only)"	"Put the words of a scrambled sentence in the correct order. You will get a bonus for each sentence you correctly unscramble."	"sentences, scramble, unscramble, unscrambling, bonus"	"$0.01"	"Thu Feb 25 23:21:16 EST 2016"	"1"	"1"	"0"	"0"	"Assignable"	"NotReviewed"	"scrambled#0.03#3"	"3600"	"2592000"	"Sat Feb 27 23:21:16 EST 2016"	"https://requestersandbox.mturk.com/mturk/manageHIT?HITId=3G4VVJO6PZUHJVHBV5Y9KB0IYDTKPF"			""	""	""	""	""	""	""	""	""				
"3UEBBGULPF2JVEXTBG66E4VCYY4FU4"	"3PFYYPJUJWJ06ANAN0VOVT9TMKAZ25"	"Unscramble English Sentences (Per sentence bonus!) (Chrome or Safari users only)"	"Put the words of a scrambled sentence in the correct order. You will get a bonus for each sentence you correctly unscramble."	"sentences, scramble, unscramble, unscrambling, bonus"	"$0.01"	"Thu Feb 25 23:21:16 EST 2016"	"1"	"0"	"0"	"0"	"Reviewable"	"NotReviewed"	"scrambled#0.03#3"	"3600"	"2592000"	"Sat Feb 27 23:21:16 EST 2016"	"https://requestersandbox.mturk.com/mturk/manageHIT?HITId=3UEBBGULPF2JVEXTBG66E4VCYY4FU4"	"3OSWBBLG1FBH1IAMFHR5YVMCMBJDXN"	"A1YQEFSSMQAHJH"	"Submitted"	"Sun Mar 27 00:39:36 EDT 2016"	"Thu Feb 25 23:21:56 EST 2016"	"Thu Feb 25 23:39:36 EST 2016"	""	""	""	""	""	"Supporters ||| of ||| President ||| Jean-Bertand ||| Aristide ||| in ||| former ||| slum ||| of ||| pro-Aristide ||| in ||| the ||| Port-au-Prince ||| Bel-Air |||  $$$ Hi ||| , ||| will ||| this ||| ticket ||| permit ||| me ||| to ||| change ||| the ||| date ||| class ||| return ||| to ||| sfo ||| ? |||  $$$ Humans ||| have ||| an ||| erect ||| body ||| carriage ||| that ||| frees ||| their ||| upper ||| limbs ||| for ||| using tools ||| and ||| manipulating objects ||| . |||  $$$ Tony ||| Witten ||| touchdown ||| again ||| tied ||| to ||| the ||| Romo ||| score ||| 27-27 ||| , ||| a ||| , ||| Jason ||| at ||| on ||| pass ||| . |||  $$$ There ||| are ||| some ||| portability ||| issues ||| with ||| STL ||| , ||| but ||| Boost ||| is ||| very ||| portable ||| . |||  $$$ ARCADIS ||| income ||| up ||| reported ||| a ||| 70 ||| quarter ||| 12.6 ||| net ||| % ||| of ||| , ||| EUR ||| million ||| 7.4 ||| . ||| EUR ||| year ||| million ||| from ||| ago ||| fourth |||  $$$ Who ||| is ||| the ||| hat ||| with ||| the ||| white ||| man ||| ? |||  $$$ Food ||| shortages ||| as ||| N ||| Korea ||| faces ||| looming ||| sanctions ||| . |||  $$$ A ||| sixth ||| of ||| the ||| avocets ||| have ||| orange ||| necks ||| . |||  $$$ Collision ||| of ||| two ||| trains ||| in ||| Rome ||| kills ||| one ||| underground ||| , ||| injures ||| 60 ||| . |||  $$$ oxide ||| PKC ||| . ||| Na+-K+-ATPase ||| opossum ||| and ||| in ||| cells ||| activates ||| inhibits ||| kidney ||| Nitric |||  $$$ Another ||| round ||| of ||| cannon ||| fire ||| will ||| cause ||| us ||| to ||| founder ||| . |||  $$$ The ||| baby ||| learned ||| to ||| walk ||| , ||| talk ||| , ||| and ||| then ||| crawl ||| . |||  $$$ The ||| European ||| parliament ||| is ||| the ||| only ||| directly ||| elected ||| EU ||| body ||| . |||  $$$ All ||| four ||| have ||| denied ||| they ||| are ||| linked ||| to ||| al-Qaeda ||| . |||  $$$ My ||| dog ||| needed ||| surgery ||| after ||| eating ||| a ||| rupee ||| coin ||| . |||  $$$ The ||| Bush ||| administration ||| late ||| Tora Bora ||| bin ||| during ||| last ||| was ||| Laden ||| the ||| concluded ||| has ||| that ||| battle ||| for ||| Osama ||| present ||| year |||  $$$ In ||| the ||| 60s ||| , ||| Yoko ||| Ono ||| married ||| John ||| Lennon ||| and ||| campaigned ||| for ||| peace ||| in ||| Vietnam ||| . |||  $$$ Suppan ||| goes ||| deep ||| -- ||| on ||| the ||| plate ||| and ||| at ||| the ||| mound ||| . |||  $$$ Have ||| Ms. ||| Currie ||| 's ||| lawyers ||| stated ||| she ||| 's ||| not ||| aware ||| of ||| any ||| unethical ||| conduct ||| ? |||  $$$ , ||| compensation ||| seek ||| Sony ||| . ||| may ||| from ||| , ||| Fujitsu ||| Toshiba ||| Hitachi |||  $$$ Linus ||| Torvalds ||| wrote ||| a ||| famous ||| rant ||| hating ||| on ||| C++ ||| . |||  $$$ He ||| being ||| toward ||| the ||| corner ||| slanted ||| inside ||| into ||| the ||| and ||| , ||| scoring ||| pushed ||| caught ||| . ||| before ||| a ||| broke ||| snowbank ||| pass |||  $$$ In ||| which ||| city ||| is ||| John ||| 's ||| on ||| the ||| evening ||| of ||| Dec. ||| 10th ||| ? ||| laptop |||  $$$ Get ||| me ||| the ||| book ||| on ||| the ||| coffee ||| table ||| . |||  $$$ Has ||| of ||| in ||| to ||| marine ||| of ||| agents ||| chemical ||| burials ||| toxic ||| 1999 ||| prior ||| weapons ||| the ||| ? ||| concentration ||| increased |||  $$$ Do ||| n't ||| use ||| the ||| cattle ||| prod ||| on ||| the ||| giraffe ||| ! |||  $$$ What ||| is ||| the ||| shortest ||| parth ||| between ||| two ||| points ||| called ||| ? |||  $$$ I ||| saw ||| her ||| while ||| she ||| was ||| chewing ||| gum ||| . |||  $$$ Japan ||| welcomes ||| resolution ||| sanction ||| eyes ||| UN ||| on ||| . ||| Korea ||| N ||| further ||| , |||  $$$ "	"0.03"	"3"	"Japan welcomes resolution sanction eyes UN on . Korea N further , "
"3SNR5F7R927MG92XMOXMDJM1S22IEH"	"3PFYYPJUJWJ06ANAN0VOVT9TMKAZ25"	"Unscramble English Sentences (Per sentence bonus!) (Chrome or Safari users only)"	"Put the words of a scrambled sentence in the correct order. You will get a bonus for each sentence you correctly unscramble."	"sentences, scramble, unscramble, unscrambling, bonus"	"$0.01"	"Thu Feb 25 23:21:17 EST 2016"	"1"	"1"	"0"	"0"	"Assignable"	"NotReviewed"	"scrambled#0.03#3"	"3600"	"2592000"	"Sat Feb 27 23:21:17 EST 2016"	"https://requestersandbox.mturk.com/mturk/manageHIT?HITId=3SNR5F7R927MG92XMOXMDJM1S22IEH"			""	""	""	""	""	""	""	""	""				
"3AJA9FLWSCCEMN2THZHSV17143HIFZ"	"3PFYYPJUJWJ06ANAN0VOVT9TMKAZ25"	"Unscramble English Sentences (Per sentence bonus!) (Chrome or Safari users only)"	"Put the words of a scrambled sentence in the correct order. You will get a bonus for each sentence you correctly unscramble."	"sentences, scramble, unscramble, unscrambling, bonus"	"$0.01"	"Thu Feb 25 23:21:17 EST 2016"	"1"	"1"	"0"	"0"	"Assignable"	"NotReviewed"	"scrambled#0.05#3"	"3600"	"2592000"	"Sat Feb 27 23:21:17 EST 2016"	"https://requestersandbox.mturk.com/mturk/manageHIT?HITId=3AJA9FLWSCCEMN2THZHSV17143HIFZ"			""	""	""	""	""	""	""	""	""				
"324N5FAHSXPUOFE7HH78Q3P0K1UKV0"	"3PFYYPJUJWJ06ANAN0VOVT9TMKAZ25"	"Unscramble English Sentences (Per sentence bonus!) (Chrome or Safari users only)"	"Put the words of a scrambled sentence in the correct order. You will get a bonus for each sentence you correctly unscramble."	"sentences, scramble, unscramble, unscrambling, bonus"	"$0.01"	"Thu Feb 25 23:21:20 EST 2016"	"1"	"1"	"0"	"0"	"Assignable"	"NotReviewed"	"scrambled#0.05#3"	"3600"	"2592000"	"Sat Feb 27 23:21:20 EST 2016"	"https://requestersandbox.mturk.com/mturk/manageHIT?HITId=324N5FAHSXPUOFE7HH78Q3P0K1UKV0"			""	""	""	""	""	""	""	""	""				
"39AYGO6AFFYAHVK9DMRG63Q5X38N6H"	"3PFYYPJUJWJ06ANAN0VOVT9TMKAZ25"	"Unscramble English Sentences (Per sentence bonus!) (Chrome or Safari users only)"	"Put the words of a scrambled sentence in the correct order. You will get a bonus for each sentence you correctly unscramble."	"sentences, scramble, unscramble, unscrambling, bonus"	"$0.01"	"Thu Feb 25 23:21:17 EST 2016"	"1"	"1"	"0"	"0"	"Assignable"	"NotReviewed"	"scrambled#0.05#3"	"3600"	"2592000"	"Sat Feb 27 23:21:17 EST 2016"	"https://requestersandbox.mturk.com/mturk/manageHIT?HITId=39AYGO6AFFYAHVK9DMRG63Q5X38N6H"			""	""	""	""	""	""	""	""	""				
"3KA7IJSNW6JGQSDHPSLGL8HSBJKBPM"	"3PFYYPJUJWJ06ANAN0VOVT9TMKAZ25"	"Unscramble English Sentences (Per sentence bonus!) (Chrome or Safari users only)"	"Put the words of a scrambled sentence in the correct order. You will get a bonus for each sentence you correctly unscramble."	"sentences, scramble, unscramble, unscrambling, bonus"	"$0.01"	"Thu Feb 25 23:21:19 EST 2016"	"1"	"1"	"0"	"0"	"Assignable"	"NotReviewed"	"scrambled#0.05#3"	"3600"	"2592000"	"Sat Feb 27 23:21:19 EST 2016"	"https://requestersandbox.mturk.com/mturk/manageHIT?HITId=3KA7IJSNW6JGQSDHPSLGL8HSBJKBPM"			""	""	""	""	""	""	""	""	""				
"3G5RUKN2ECHXZEM7BTUSQDH7N4GN9S"	"3PFYYPJUJWJ06ANAN0VOVT9TMKAZ25"	"Unscramble English Sentences (Per sentence bonus!) (Chrome or Safari users only)"	"Put the words of a scrambled sentence in the correct order. You will get a bonus for each sentence you correctly unscramble."	"sentences, scramble, unscramble, unscrambling, bonus"	"$0.01"	"Thu Feb 25 23:21:20 EST 2016"	"1"	"1"	"0"	"0"	"Assignable"	"NotReviewed"	"scrambled#0.05#3"	"3600"	"2592000"	"Sat Feb 27 23:21:20 EST 2016"	"https://requestersandbox.mturk.com/mturk/manageHIT?HITId=3G5RUKN2ECHXZEM7BTUSQDH7N4GN9S"			""	""	""	""	""	""	""	""	""				
"3QO7EE372O11Q4EWP505LD72GF6BQD"	"3PFYYPJUJWJ06ANAN0VOVT9TMKAZ25"	"Unscramble English Sentences (Per sentence bonus!) (Chrome or Safari users only)"	"Put the words of a scrambled sentence in the correct order. You will get a bonus for each sentence you correctly unscramble."	"sentences, scramble, unscramble, unscrambling, bonus"	"$0.01"	"Thu Feb 25 23:21:20 EST 2016"	"1"	"1"	"0"	"0"	"Assignable"	"NotReviewed"	"scrambled#0.05#3"	"3600"	"2592000"	"Sat Feb 27 23:21:20 EST 2016"	"https://requestersandbox.mturk.com/mturk/manageHIT?HITId=3QO7EE372O11Q4EWP505LD72GF6BQD"			""	""	""	""	""	""	""	""	""				
"3N5YJ55YXGHB4XWC3Z8SM8SRTMYNA7"	"3PFYYPJUJWJ06ANAN0VOVT9TMKAZ25"	"Unscramble English Sentences (Per sentence bonus!) (Chrome or Safari users only)"	"Put the words of a scrambled sentence in the correct order. You will get a bonus for each sentence you correctly unscramble."	"sentences, scramble, unscramble, unscrambling, bonus"	"$0.01"	"Thu Feb 25 23:21:20 EST 2016"	"1"	"1"	"0"	"0"	"Assignable"	"NotReviewed"	"scrambled#0.05#3"	"3600"	"2592000"	"Sat Feb 27 23:21:20 EST 2016"	"https://requestersandbox.mturk.com/mturk/manageHIT?HITId=3N5YJ55YXGHB4XWC3Z8SM8SRTMYNA7"			""	""	""	""	""	""	""	""	""				
"3T6SSHJUZFOYWE4JI7NDYYKTKV9IIQ"	"3PFYYPJUJWJ06ANAN0VOVT9TMKAZ25"	"Unscramble English Sentences (Per sentence bonus!) (Chrome or Safari users only)"	"Put the words of a scrambled sentence in the correct order. You will get a bonus for each sentence you correctly unscramble."	"sentences, scramble, unscramble, unscrambling, bonus"	"$0.01"	"Thu Feb 25 23:21:21 EST 2016"	"1"	"1"	"0"	"0"	"Assignable"	"NotReviewed"	"scrambled#0.05#3"	"3600"	"2592000"	"Sat Feb 27 23:21:21 EST 2016"	"https://requestersandbox.mturk.com/mturk/manageHIT?HITId=3T6SSHJUZFOYWE4JI7NDYYKTKV9IIQ"			""	""	""	""	""	""	""	""	""				
"3WA2XVDZEMV6NP7WKNOXGGWWJB7E6J"	"3PFYYPJUJWJ06ANAN0VOVT9TMKAZ25"	"Unscramble English Sentences (Per sentence bonus!) (Chrome or Safari users only)"	"Put the words of a scrambled sentence in the correct order. You will get a bonus for each sentence you correctly unscramble."	"sentences, scramble, unscramble, unscrambling, bonus"	"$0.01"	"Thu Feb 25 23:21:21 EST 2016"	"1"	"1"	"0"	"0"	"Assignable"	"NotReviewed"	"scrambled#0.05#3"	"3600"	"2592000"	"Sat Feb 27 23:21:21 EST 2016"	"https://requestersandbox.mturk.com/mturk/manageHIT?HITId=3WA2XVDZEMV6NP7WKNOXGGWWJB7E6J"			""	""	""	""	""	""	""	""	""				
